{"cameraMode":{"drawMode":0,"name":"Shaded","section":"Shading Mode"},"sceneLighting":true,"audioPlay":false,"sceneViewState":{"m_AlwaysRefresh":false,"showFog":true,"showSkybox":true,"showFlares":true,"showImageEffects":true,"showParticleSystems":true,"showVisualEffectGraphs":true,"m_FxEnabled":true},"in2DMode":false,"pivot":{"x":55.43132019042969,"y":-4.114891052246094,"z":3.858621597290039},"rotation":{"x":0.5370325446128845,"y":-0.04676424339413643,"z":0.029835760593414308,"w":0.8417350053787231},"size":17.230436325073243,"orthographic":true}