{"cameraMode":{"drawMode":0,"name":"Shaded","section":"Shading Mode"},"sceneLighting":true,"audioPlay":false,"sceneViewState":{"m_AlwaysRefresh":false,"showFog":true,"showSkybox":true,"showFlares":true,"showImageEffects":true,"showParticleSystems":true,"showVisualEffectGraphs":true,"m_FxEnabled":true},"in2DMode":false,"pivot":{"x":-0.6999969482421875,"y":-2.9000000953674318,"z":-1.7999992370605469},"rotation":{"x":0.72833651304245,"y":-0.029765747487545015,"z":0.031702637672424319,"w":0.6838385462760925},"size":109.40841674804688,"orthographic":false}