{"cameraMode":{"drawMode":0,"name":"Shaded","section":"Shading Mode"},"sceneLighting":true,"audioPlay":false,"sceneViewState":{"m_AlwaysRefresh":false,"showFog":true,"showSkybox":true,"showFlares":true,"showImageEffects":true,"showParticleSystems":true,"showVisualEffectGraphs":true,"m_FxEnabled":true},"in2DMode":false,"pivot":{"x":874.9190063476563,"y":453.0743408203125,"z":-102.5748291015625},"rotation":{"x":0.0018556282157078386,"y":-0.9965628385543823,"z":0.07954184710979462,"w":0.023469602689146997},"size":608.392333984375,"orthographic":false}